{"train_loss": [1.6090457374818994, 0.732314856961687, 0.6280665737140569, 0.5574938726759779, 0.5045193698651532, 0.4594664830471319, 0.4214025948462472, 0.3945711120423893, 0.33918932388673007, 0.3165752627837384, 0.30673633192060845, 0.2945841173132731, 0.28363544425505377, 0.2777939024338821, 0.2543900725386072, 0.24594697625069833, 0.24110023550863074], "val_loss": [0.6504758749861975, 0.5865631210642892, 0.6574521097379762, 1.2847568473501785, 8.404282024059746, 1.2372234572429914, 16.830081148526155, 29.8686708459983, 327.3074420573744, 1234.9890882357352, 195.2139523060942, 37.23233632191613, 1.8516601966140238, 1.671877266305524, 6.762292126143301, 2.389347290761165, 35.52776837092195]}