{
  "mse": 0.5893669724464417,
  "rmse": 0.767702398359183,
  "r2": 0.14800119400024414,
  "pearson": 0.5823671221733093,
  "p_value": 0.0
}